{
    "city": [
        {
            "name": "札幌市",
            "ido": 43.06417,
            "keido": 141.34694
        },
        {
            "name": "青森市",
            "ido": 40.82444,
            "keido": 140.74
        },
        {
            "name": "盛岡市",
            "ido": 39.70361,
            "keido": 141.1525
        }
    ]
}